horizon,N_total,N_with_outcome,coverage_rate,uncontrolled_rate_among_observed
6mo,20006,11365,0.5680795761271619,0.6509458864936207
12mo,20006,10281,0.5138958312506248,0.6669584670751872
24mo,20006,8155,0.40762771168649403,0.6631514408338443
