horizon,N_matched,median_abs_days,p90_abs_days,max_abs_days,pct_within_30d,pct_within_60d,pct_within_90d
6mo,11365,34.0,77.0,90.0,0.4620325560932688,0.7634843818741751,1.0
12mo,10281,33.0,74.0,90.0,0.4707713257465227,0.7960315144441202,1.0
24mo,8155,35.0,76.0,90.0,0.44255058246474555,0.7781729000613121,1.0
